번호,분류,제목,만료일,참여인원
602603,행정,제가 국민 2%에 속하는 부자입니까?.,2021-12-29,1639
602602,보건복지,영등포구 소재 국공립 어린이집 육아휴직 거부 신고합니다.,2021-12-29,306
602601,안전/환경,재활용 불가능한 제품 사용의 규제를 강화해주세요,2021-12-29,157
602600,정치개혁,"백신 미접종자, 치료비 자부담 검토 반대",2021-12-29,936
602599,안전/환경,우리가 평소에 잘 신경 쓰지 않았던 버려진 담배꽁초 환경오염의 주원인이란 거 알고 계신가요?,2021-12-29,179
602598,교통/건축/국토,〔재건축 재개발 도시정비법의 싱크홀 때문에 빚에 늪에 빠진 원주민 89명〕,2021-12-29,213
602597,보건복지,화이자 백신 접종후 확장성 심근병증 진단을 받았습니다.,2021-12-29,704
602596,외교/통일/국방,"적국을 찬양하는 경기도 교육청, 올바른 교육입니까?",2021-12-29,941
602595,인권/성평등,동창생을 성노예로 부린 20대 여성 신상공개를 촉구합니다,2021-12-29,728
602594,문화/예술/체육/언론,**체고코치의폭행,2021-12-29,178
602593,보건복지,방역대책의 하나로 의료인력부족해소를 위해 코로나19 자가진단키트를 전국민에게 보급되게 해 주십시요.,2021-12-29,301
602592,반려동물,"누가? 왜 ,이 개의 혀를 잘랐을까요? 동물등록의 헛점과 나약한 동물보호법 강화 이제는 제발 좀 시켜주세요",2021-12-29,266
602591,인권/성평등,"불법촬영,리벤지포르노 청원올립니다",2021-12-29,145
602590,보건복지,코로나 병상배정을 받았으나 119차량 지연으로 취소되었습니다.,2021-12-29,160
602589,보건복지,"대책없는 정부 코로나 방침으로 인해 임산부,아기 모두 길바닥에서 출산할 뻔한 응급상황 시급한 대책마련 바랍니다.",2021-12-29,293
602588,보건복지,"질병청과 식약처는 머크의 경구용치료제에 대하여 비용대비 효율성(효과, 안정성, 가격)을 고려하여 신중히 결정해 주시기를 강력히 요청합니다.",2021-12-29,3688
602587,보건복지,직장 내 괴롭힘 으로 극단적선택을한 간호사 진상조사후 가해자를 강력처벌을 원합니다,2021-12-29,429
602586,미래,결국에는 러시아산 백신이 훌륭하다는걸 알게됩니다.,2021-12-29,144
602585,보건복지,백신 접종후 엄마가 저희의 곁을 떠나셨습니다. 건강하시던 저희 엄마가 왜 떠나셨어야 하셨을까요.. 저희 엄마가 너무 그립습니다.,2021-12-29,305
602584,육아/교육,말 못하는 영유아(만0세~만2세)를 폭력으로 부터 지켜주세요.(어린이집 CCTV 열람 상시화 촉구/국공립어린이집 폭력 은폐-폭력을 가한 아이의 엄마가 원의 교사였습니다.),2021-12-29,295
602583,육아/교육,난임 지원 확대부탁드립니다. 애 갖고 싶습니다.,2021-12-29,657
602582,보건복지,세종시보건소의 안일한 행정대처를 고발합니다.,2021-12-29,177
602581,보건복지,화이자 모더나 백신 미접종자가 코로나19 걸리면 치료비 일부 물리겠다는 총리님께,2021-12-29,661
602580,기타,우리아들억울함을풀어주세요,2021-12-29,142
602579,안전/환경,경찰청장 ***의 무능함과 직위해제를 요청합니다.,2021-12-29,459
602578,교통/건축/국토,"재건축조합의 무너진 민주와 법치의 정상화, 감독관청 복지부동의 위법유무에 대한 감찰을 청원합니다.",2021-12-29,1124
602577,육아/교육,선생님이 무서워요! 유치원에 안갈래요!,2021-12-29,165
602576,육아/교육,5학년 같은반 남학생이 목을 졸라 5cm정도의 깊은상처가 났음에도 교육지원청에서는 학폭아님 결정내림,2021-12-29,225
602575,육아/교육,*** 양모 2심 선고 너무합니다 다시 2심 재판을 요청합니다.,2021-12-29,11464
602574,반려동물,군산 ***이 푸들만 입양해가고는 계속 잃어버렸다고 해요! 벌써 3마리쨰!!,2021-12-29,408
602573,경제민주화,무분별하고 대책이 하나도 없는 대출규제 당장 중단바랍니다,2021-12-29,302
602572,인권/성평등,경상남도 의령 총기난사사건을 오래 기억하고 기릴 수 있게 추모비를 세워주세요,2021-12-29,398
602571,보건복지,백신접종 15일만에 제 딸이 사망하였습니다. 억울합니다.,2021-12-29,1259
602570,육아/교육,수많은 신생아와 아기들이 고통을 겪고있습니다. 제발 도와주세요!!!,2021-12-29,1243
602569,성장동력,한국인터넷진흥원의 정보보안기사라는 시험의 진상규명 요청합니다.,2021-12-29,134
602568,행정,자동차 리스 사기. . .****리스 대표 *** 고발합니다.,2021-12-29,186
602567,기타,"1982년 4월 26일, 의령 총기 난사 사건 위령비를 세워주세요",2021-12-29,782
602566,기타,가짜광주5.18유공자로 지정된 정치인을 색출하여 처벌해야 합니다,2021-12-29,181
602565,교통/건축/국토,종합부동산세법은 위헌 입니다.,2021-12-29,378
602564,보건복지,"사회복지법인 ** **재활원의 강압에 의해 납부된 직원 퇴직중간정산금, 되돌려 받을 수 있도록 도와주세요!",2021-12-29,134
602563,보건복지,지역아동센터 및 사회복지사의 국가주도 처우 개선을 요구합니다.,2021-12-29,1412
602562,기타,코로나 피해 도매업종에 대한 지원요청,2021-12-29,114
602561,일자리,소처럼 일만 하다가 퇴직한 퇴직자들 입니다,2021-12-29,147
602560,교통/건축/국토,어린이통합차량 구조변경에 관하여,2021-12-29,110
602559,기타,다**,2021-12-29,111
602558,보건복지,장애인 탈시설 반대합니다. 힘센 치매환자와 죽을때까지 고통을 감뇌하며 살아라 입니까,2021-12-29,737
602557,육아/교육,죄 없는 아이들을 지켜주세요..,2021-12-29,355
602556,교통/건축/국토,공사대금 수금문제,2021-12-29,183
602555,일자리,운전면허 취득 가능 연령 조정,2021-12-29,109
602554,보건복지,대만 골든바이오텍사의 코로나19 치료제 ******의 긴급 사용승인을 청원합니다.,2021-12-29,141
602553,보건복지,대통령님.똑딱이 가짜온도 냉동식품 공급을 막아주세요,2021-12-29,115
602552,기타,o은행 부지점장이 69세 어머니의 은행예탁금 횡령 후 자살하였습니다.,2021-12-29,237
602551,정치개혁,경남교육청 유치원시기간제교사에 대한 평등권 침해의 차별행위,2021-12-29,281
602550,안전/환경,건설 폐기물 무단처리에 해한 규제를 강화해 주세요,2021-12-29,147
602549,행정,지나2년간 통장을 마치고 단체변화를 바라며 고발합니다,2021-12-29,116
602548,보건복지,제 동생이 화이자 접종후 2일만에 이세상과 이별하게 되었습니다,2021-12-29,1363
602547,육아/교육,천호동 3세남아사망사건 30대 계모 살인죄적용과 신상공개를 촉구합니다,2021-12-29,140
602546,행정,상속으로 인한 일시적 2주택자 종부세 재검토를 청원합니다,2021-12-29,145
602545,기타,최저 임금 내가 국민 2% 종부세 대상 ? ‘어이 상실’... 재검토 하라 !,2021-12-29,196
602544,안전/환경,주민동의 없는 ** ***리 자원순환시설 건설 반대합니다,2021-12-26,2792
602543,기타,1982년 4월에 일어난 우순경 총기 난사 사건 사망자 위령탑을 세워주세요,2021-12-26,1086
602542,인권/성평등,직장내 괴롭힘 금지법 강화해주세요.,2021-12-26,1357
602541,기타,실제 1가구 주택 보유자 입니다. 일시적 1가구 2주택자에 대한 종부세 철회해 주실 것을 청원드립니다.,2021-12-26,965
602540,안전/환경,희대의 살인마 *** 사건의 재조사하여 사망자 명단을 다시 작성하고 위령비를 세워주기를 호소합니다.,2021-12-26,1090
602539,문화/예술/체육/언론,대중제 골프장에 대한 특혜 폐지 건의의 건,2021-12-26,259
602538,인권/성평등,다크웹 국내월패드 해킹 아파트의 명단사건 수사.강력처벌 을 요청합니다,2021-12-26,270
602537,행정,다주택자에 대한 약탈적 종부세 중단하라,2021-12-26,11939
602536,저출산/고령화대책,아동보호전문기관 전수조사 실시하라! 카시트 미착용=아동학대 방임죄,2021-12-26,182
602535,교통/건축/국토,재개발 및 재건축 현장에서 시공사의 갑질 횡포를 막아 주세요.,2021-12-26,3336
602534,보건복지,파키스탄 교민 자가격리 면제 제외에 관한 건,2021-12-26,218
602533,보건복지,아스트라제네카 접종후 급성골수성 백혈병 진단 받은 저희 아버지를 도와주세요!!,2021-12-26,816
602532,교통/건축/국토,지금 하남시에서 제 2의 ****가 일어나고 있습니다. 도와주세요!,2021-12-26,529
602531,안전/환경,합천LNG/태양광발전소 반대,2021-12-26,664
602530,보건복지,건보재정 갉아먹는 사무장병원 잡는 '특사경 제도'를 조속히 도입하라.,2021-12-26,1613
602529,보건복지,"백신 부작용 '인과성 없음'이 아닌 '인과성 모름'.. 백신 정책, 현명한 국민들의 판단에 맡겨주십시오!",2021-12-26,1817
602528,보건복지,코로나백신 위험성을 알립니다. 접종 후 혈액암 진단 받았습니다. 접종강요 중단해주세요!!,2021-12-26,1498
602527,기타,소상공인 손실보상금,2021-12-26,133
602526,보건복지,코로나백신 후유증,2021-12-26,676
602525,보건복지,사회복지사의 억울함을 풀어주세요,2021-12-26,169
602524,기타,대한민국 경찰.검찰의 늑장수사로 범죄금액 140억원의 사기 피의자가 교도소에서 가석방 받아 도주 하였읍니다. 도와주십시요,2021-12-26,200
602523,보건복지,요양원의 방치로 인한 사망사건,2021-12-26,150
602522,안전/환경,******* 주식리딩방 사기횡포 막아주세요,2021-12-26,144
602521,정치개혁,공수처에 근무하는 검사 임용시험을 시행해야 합니다,2021-12-26,330
602520,교통/건축/국토,공정위 동문서답 내용 바로 잡아 주세요!,2021-12-26,138
602519,일자리,대기업의 중고차수출 진입을 막아주십시요!!!,2021-12-26,141
602518,보건복지,건강보험 본인부담 상한액으로 이익은 손해보험사가 챙기는 이상한 구조,2021-12-26,160
602517,행정,여권 재발금(갱신)비용의 50% 인하를 요청합니다,2021-12-26,133
602516,외교/통일/국방,공군 성폭력 피해 부사관 사망사건 부실수사로 인해 특검을 촉구합니다.,2021-12-26,243
602515,인권/성평등,*** 검사의 핸드폰을 풀어서 진실을 규명해주세요,2021-12-26,2805
602514,정치개혁,생사람 잡는 국민권익위원회의 횡포를 고발합니다,2021-12-26,177
602513,행정,여성가족부 위탁 **시 **구 ******지원센터 부실 운영과 부실감사,2021-12-26,166
602512,일자리,안산 ** **** *차 경비원.미화원.관리소 직원을 보호해 주세요.,2021-12-26,661
602511,기타,국민연금 제대로 돌려주세요,2021-12-26,437
602510,보건복지,백신패스(일명 방역패스) 다시 한 번 결사 반대합니다,2021-12-26,19045
602509,행정,종합부동산세 폭탄 을 해결해 주세요,2021-12-26,402
602508,교통/건축/국토,대기업 회장님이 서민의 기본권을 침해하려합니다.,2021-12-26,109
602507,기타,**소프트**** 환불,2021-12-25,911
602506,일자리,**중공업의 총고용보장은 희망퇴직인가?,2021-12-25,134
602505,행정,**면사무소 공무원의 실수로 인한 청약부적격 및 타인의 인감도장 사용,2021-12-25,326
602504,인권/성평등,2프로라는 엉터리통계로 국민갈라치기를 멈춰주십시오,2021-12-25,1256
602503,행정,소상공인진흥공단 직접대출 경영위기업종 10~20 배제한 이유,2021-12-25,272
602502,일자리,청년 일자리 창출을 위한 소방 PQ제도 개선안,2021-12-25,266
602501,보건복지,해외 입국시 PCR검사음성확인서 영문 검사지에 관한 청원 드립니다.,2021-12-25,3026
602500,보건복지,"답답한 코로나 관련 정책, 대통령님과 정부 관계부처에 호소합니다.",2021-12-25,996
602499,육아/교육,초등학교. 중학교. 고등학교 식당 안에 공기 순환기하여 코로나19로부터 보호해 주세요.,2021-12-25,234
602498,농산어촌,영농법인 종합부동산세 어찌하면 좋을까요?,2021-12-25,491
602497,문화/예술/체육/언론,*** 배구단에 대한 감사를 요청합니다.,2021-12-25,976
602496,행정,공직자의 행정에 대한 불만,2021-12-25,144
602495,교통/건축/국토,**시 ****위원회 *** 위원장님을 칭찬합니다.,2021-12-25,125
602494,기타,소상공인 손실보상 손익계산서,2021-12-25,118
602493,육아/교육,아동학대 예방 및 가해자의 처벌을 강화해주세요,2021-12-25,214
602492,육아/교육,화교특별전형 폐지를 요구합니다,2021-12-25,8893
602491,안전/환경,국민여러분께 고합니다.,2021-12-25,261
602490,기타,천안 갑 국회의원인 문진석의원에게 지역구 일좀 신경써 달라고 해주세요.,2021-12-25,285
602489,기타,계획적이고 잔인한 ‘스토킹 살인범’에게 살해당한 고인과 유족의 억울함을 호소합니다.,2021-12-24,35343
602488,정치개혁,가상자산 과세 유예 및 홍남기 장관 사퇴 요구합니다.,2021-12-24,325
602487,정치개혁,무책임한 경기도교육감 이재정을 막아주세요,2021-12-24,18750
602486,정치개혁,"국난극복의 영웅 전두환, 국립현충원에 정중히 모셔라!!!",2021-12-24,556
602485,보건복지,"백신 접종 강요, 백신 패스(백신 미접종자 패널티)를 없애주세요",2021-12-24,5466
602484,안전/환경,태어난지 6시간만에 신생아가 병원에서 핫팩으로 3도 화상을 입었습니다. 신생아실CCTV설치 의무화해주세요.,2021-12-24,2336
602483,정치개혁,전두환 전대통령을 국립묘지 안장해 주세요,2021-12-24,6827
602482,기타,군 입대 2주만에 스테로이드 처방받았습니다.양측 고관절 괴사된 사람입니다.,2021-12-24,216
602481,행정,초등학생 상대로 집단 시위하는 어른들...,2021-12-24,976
602480,보건복지,우리나라 코로나백신이 해외용으로만 생산되지 않게 해주세요,2021-12-24,923
602479,안전/환경,국민의 안전을 위해 입법된 제도가 담당 공무원들의 복지부동으로 인해 시행에 차질을 빚게 되었습니다.,2021-12-24,826
602478,경제민주화,무주택세를 신설해주세요.,2021-12-24,382
602477,안전/환경,지금도사기꾼은 사기친다고 금감원에 전화하니 자기부서일아니니정보가지고오라는 그럼 내가 직접잡지돈받고 노는 금감원,2021-12-24,183
602476,행정,왜 자영업자는 항상 을이여야합니까? 근로자는 안지켜도 되는 근로계약서는 대체 왜 쓰는겁니까?,2021-12-24,389
602475,인권/성평등,끊임없는 폭언과 영업방해로 딸을 죽음에 이르게 한 의정부 부대찌개 거리의 무법자 ‘****’ 대표와 직원에 대한 엄벌을 바랍니다,2021-12-24,310
602474,반려동물,**버스터미널 대표와 직원들의 반복되는 길고양이 학대를 막아주세요,2021-12-24,314
602473,기타,인천지방경찰청 경찰간부 진정사건 피진정인 조사 누락,2021-12-24,222
602472,경제민주화,국민 많은 사람들이 참여하는 공모주청약.. 높은 청약수수료를 없애 주기를 간곡히 청원합니다,2021-12-23,1065
602471,반려동물,"인천광역시 부평 소재의 *동물병원의 만행을 고발하며, 반려동물 관련 법 강화를 촉구합니다.",2021-12-23,541
602470,행정,"대통령님, 경찰관들이 국민은 안전하게 보호할 수 있도록 ""무기 사용 면책특권""을 신설해 주세요.",2021-12-23,8484
602469,미래,마스크 써달라 요청했다가 편의점 알바생 뺨 때린 가해자 강력처벌을 원합니다.,2021-12-23,31229
602468,보건복지,내 동생이 백신접종 이후 뇌출혈로 쓰러졌는데요..,2021-12-23,1365
602467,안전/환경,백신부작용으로 인해 급성백혈병에 걸린 저희 언니를 도와주세요.,2021-12-23,1452
602466,행정,정부 공공기관의 공문의 파일형식을 HWP 가 아닌 PDF로 배포하기를 강력히 요청합니다.,2021-12-23,1137
602465,보건복지,"화이자 백신맞은 아이의 죽음, 그리고 반강제적인 백신패스를 반대합니다.",2021-12-23,2104
602464,보건복지,아파서 해외에서 귀국한 언니가 병원에 갈 수 있도록 도와주세요,2021-12-23,435
602463,육아/교육,정치에서 사학의 길로 발 돌린 ***** '*** 총장' 첫 근무지부터 엉망진창,2021-12-23,183
602462,보건복지,모더나 2차 접종을 맞고 3일만에 '식물인간'이 되어버린 아들을 살려주세요.,2021-12-23,10052
602461,반려동물,** 길고양이 연쇄 살해범을 제발 잡아주세요.,2021-12-23,4274
602460,안전/환경,대법원 판결 시내버스 안전사고,2021-12-23,303
602459,인권/성평등,"직장 내 괴롭힘 금지법의 개정과 처벌 및 징계에 대한 규정, 신고절차의 개선을 요구합니다.",2021-12-23,227
602458,육아/교육,"""뇌에 보관했어.""아동학대를 입은 6세의 말입니다.구청은 한번은 학대가 아니랍니다.",2021-12-23,276
602457,육아/교육,경상남도 교육재난지원금 모든 아이들이 평등하게 받을 수 있도록 지급대상을 확대해주세요.,2021-12-23,139
602456,교통/건축/국토,"고속도로 교통사고 과실 비율, 너무나도 억울합니다.",2021-12-23,169
602455,인권/성평등,대한민국 경찰이 살아있다.,2021-12-23,490
602454,육아/교육,**** 중·고등학교 학교 법인(*** 교육 재단) “단전 · 단수”로 인해 “등교 중지 상태”입니다. 따라서 *** 이사장을 고발합니다.,2021-12-23,1155
602453,교통/건축/국토,민식이 법 미명 아래 탁상행정 ‘주차장법’ 개정 요구,2021-12-23,280
602452,육아/교육,자의적 판단으로 수험생들에게 혼란을 주는 감독관을 더이상 보고 싶지 않습니다.,2021-12-23,507
602451,행정,어린이 보호구역 주변 상인들에 대한 대책 마련을 촉구합니다.,2021-12-23,242
602450,기타,연인을 잔혹하게 살인한 범인을 강력 처벌해주시기 바랍니다,2021-12-23,294
602449,보건복지,한번의 수술로 모든것이 바뀌어 버렸습니다.,2021-12-23,231
602448,보건복지,"코로나 백신오접종 모두가 나몰라라, 도움이 필요합니다",2021-12-23,364
602447,문화/예술/체육/언론,연예인 무분별 고소고발 자제좀 하게해주세요,2021-12-23,117
602446,안전/환경,스쿨존서 눕고 춤추고..운전자 약 올리는 '민식이법 놀이' 공분[영상] 막아주세요,2021-12-23,202
602445,행정,경기도농수산진흥원 이전지역 조작 의혹 조사와 기관 이전 강행 중지 요청 건,2021-12-23,513
602444,인권/성평등,지적장애 남성에게 묻지마 폭행을 당했는데 경찰이 솜방망이 처벌했습니다,2021-12-23,1107
602443,인권/성평등,경찰관서내 같은 팀원들의 노골적 괴롭힘 및 교묘한 왕따 피해와 관련한 인권침 해등,2021-12-23,243
602442,기타,"무고한 사람을 붙잡아 도둑놈으로 몰아 감금, 협박하고 불법적인 배상금까지 물게한 마트 직원들을 고발합니다",2021-12-22,940
602441,안전/환경,코로나19 병상대기 시스템이 경악스럽습니다,2021-12-22,235
602440,보건복지,병원의 고위험 약물 관리지침 기준을 명확하게 할 것을 요구합니다.,2021-12-22,147
602439,안전/환경,스토킹으로 신변보호 받던 여성 살해한 30대 남성 신상공개 요청합니다,2021-12-22,1852
602438,일자리,학교청소의 전면 용역화,2021-12-22,1067
602437,보건복지,간호사의 안전을 보장해주세요,2021-12-22,31583
602436,교통/건축/국토,"정부는 요소를 구해오세요, 유통은 시장에 맡기세요.",2021-12-22,494
602435,보건복지,제발 코로나 병상으로 ***** 하지 말고 멈춰주세요.,2021-12-22,450
602434,행정,공공주도 3080+ 상식적인 법입니까?,2021-12-22,337
602433,교통/건축/국토,***과 맞먹는 재개발 비리의 온상 부산 ***구역 재개발 조합과 시공사 과다한 폭리,2021-12-22,2490
602432,행정,정부는 경찰청에 대해 대대적 수술을 하라!!!,2021-12-22,359
602431,인권/성평등,"여성할당제, 즉각 폐지하십시오",2021-12-22,2836
602430,안전/환경,층간소음 언제까지 구시대적인 정과 대화로 해결하려고 할 겁니까?,2021-12-22,644
602429,육아/교육,제주도 모중학교 학교폭력 피해자 엄마 입니다.,2021-12-22,3508
602428,경제민주화,유사수신 사기에 경종과 함께 강력한 처벌을 청원 합니다,2021-12-22,405
602427,기타,상가건물 임대차보호법을 무시한채 갑박하는 **슈퍼...,2021-12-22,150
602426,안전/환경,경찰채용 여경체력시험 기준을 높여주세요,2021-12-22,560
602425,인권/성평등,인천 도망친 여경을 **** 혐의로 징역형 구형하도록 해주세요.,2021-12-22,990
602424,보건복지,억울하게 돌아가신 저희 어머니를 도와주세요,2021-12-22,14937
602423,안전/환경,서초구 **** 살인사건 피의자 신상공개를 촉구합니다,2021-12-22,277
602422,문화/예술/체육/언론,"불공정경쟁 입찰로 진행된 ""********* 전시공간조성 및 행사운영용역"". 국제 행사가 정당한 입찰경쟁을 통해 이루어질 수 있도록 불공정 행정을 바로 잡아주십시오",2021-12-22,169
602421,기타,층간소음 피해자가 칼에 다 찔려야 소잃고 외양간 고칠겁니까? 층간소음 피해자를 보호하는 법과 규제가 절실합니다,2021-12-22,277
602420,보건복지,부산 서구 국공립어린이집 일방적인 폐원을 반대합니다.,2021-12-22,362
602419,기타,대기업을 상대로 제가 무엇을 할 수 있을까요..,2021-12-22,161
602418,육아/교육,대한민국 노동법!! 시급히 개선되어야 합니다!!,2021-12-22,198
602417,보건복지,삶의 불씨를 살려주는 고가약 급여허가 부탁드립니다.,2021-12-22,1009
602416,인권/성평등,제주공항 직원들이 코로나 감염 전파자가 되어야 하나요??,2021-12-22,158
602415,보건복지,주2회 코로나 선제검사?! 종사자의 인권을 보호해주세요.,2021-12-22,643
602414,반려동물,파렴치한 사기꾼 ***을 강력하게 처벌해주세요,2021-12-22,961
602413,인권/성평등,여성을 마약성 물뽕 원료를 술에 타먹여 성폭행한 약사 강력처벌과마약관리법 위반으로 처벌 을 원합니다.,2021-12-22,1641
602412,행정,국민 98%는 종부세와 무관하다는 이억원 기재부 차관은 통계 근거를 제시해 주십시오.,2021-12-22,2366
602411,인권/성평등,교직원 성폭행 허위고소한 여고생 무고죄로 강력처벌을 원합니다,2021-12-22,198
602410,인권/성평등,노동위원회가 필요한가요? 부당해고 없는 공정한 사회가 될수 있도록 국민여러분이 도와주세요.,2021-12-22,213
602409,안전/환경,인천 ** 경찰서 여경 처벌을 청원합니다,2021-12-22,627
602408,인권/성평등,건물주의 부당한 갑질로 임차인은 너무힘드네요,2021-12-22,148
602407,일자리,"""*******"" 52시간 근무제/3개월 탄력적 근로시간제 위반 및 해외근로자 관리 사각문제 개선을 건의 드립니다.",2021-12-22,1201
602406,인권/성평등,"저희 아이가 50대 남성 어른에게 폭행당했는데, 가해자 말만 듣고 범죄사실이 잘못 적시되었습니다. 재수사 요청합니다.",2021-12-22,185
602405,기타,나라의 곳간을 축낸 갑질 법원 직 공무원을 일벌백계로 처벌해 주십시오.,2021-12-22,160
602404,정치개혁,국회의원 수당등에 관한법률은 폐지해야 합니다,2021-12-22,285
602403,안전/환경,투명 페트병 분리배출,2021-12-22,128
602402,인권/성평등,억울하게 강제 휴재 당하는 웹툰을 도와주세요,2021-12-22,229
602401,육아/교육,학교 교원업무정상화 실현해주시기 바랍니다,2021-12-22,1431
602400,정치개혁,"연일보도중인 ""층간소음 살인미수사건""경찰대응문제로 인천 **경찰서를 고발합니다.이건은 층간소음 문제가 아닙니다(가족 입장)",2021-12-21,248201
602399,보건복지,백신 접종 후 아버지가 돌아가셨습니다.,2021-12-19,2150
602398,반려동물,저희 집 강아지를 물려 죽인 개의 견주가 처벌 받을 수 있게 도와주세요.,2021-12-19,1040
602397,보건복지,친정어머니가 백신 부작용으로 급성백혈병 진단받으셨습니다,2021-12-19,1365
602396,인권/성평등,동거 여친의 이별 요구에 격분에 살해후 19층 베란다 아래로 여성을 떨어트린 30대 남성 강력처벌을 요청합니다.,2021-12-19,46777
602395,경제민주화,가상화폐 거래소 ***의 운영방식에 문제가 없는지 명명백백히 조사하여 주십시오,2021-12-19,374
602394,안전/환경,피해자를 버리고 도망간 경찰 파면요구,2021-12-19,28164
602393,인권/성평등,미성연자그루밍성폭력과 성폭력에대한 2차피해를 주려는 가해자를 엄벌해주세요.,2021-12-19,617
602392,인권/성평등,장애학생이 지속적 폭행을 당하지만 학교와 국가로부터 아무런 도움을 못 받고 있습니다.,2021-12-19,897
602391,교통/건축/국토,3080+ 도심공공복합사업 결사 반대,2021-12-19,308
602390,행정,국가 보훈처의 전문성없는 역사인식과 불공정한 포상심사에 대한 억울함,2021-12-19,179
602389,안전/환경,인천 층간소음 상해사건을 담당한 현장 경관 2명과 망언을 한 것으로 추정되는 경관 1명의 파면을 요청합니다.,2021-12-19,8480
602388,기타,대한****협회의 갑질을 고발합니다!,2021-12-19,281
602387,외교/통일/국방,미국 국적자로 병역의 의무를 수행했는데도 병역 기간동안 불법체류자로 벌금나오는 경우,2021-12-19,300
602386,보건복지,63년생 아버지가 화이자 맞고 사망하셨는데 저의 짧은 소견,2021-12-19,1220
602385,안전/환경,지게차 사고로 억울하게 돌아가신 아버지의 한을 풀어 주세요,2021-12-19,4317
602384,보건복지,2005년 7월 1일 이전에 지어진 아파트에도 장애인전용주차구역 설치 및 관리를 의무화 할 수 있도록 관련법을 개정해 주세요.,2021-12-19,172
602383,행정,고 ***군 한강대학생의문사 검찰원점재수사촉구 청원,2021-12-19,5091
602382,인권/성평등,인천 빌라 흉기난동 사건 때 달아난 여경의 파면과 여경들의 체력기준 강화를 청원합니다.,2021-12-19,5575
602381,보건복지,방역 패스란 ***의 ***을 국민가슴에 낙인찍는 행정명령을 폐기를 청원합니다.,2021-12-19,899
602380,보건복지,백신 접종후 '원인 미상'으로 돌아가신 어머니의 한을 풀어주세요!,2021-12-18,1461
602379,안전/환경,대구 시내의 한 식당에서 손님을 내쫓는 등 행패를 부린 중학생 일당 강력처벌과신상공개를 요청합니다,2021-12-18,10078
602378,보건복지,백신패스를 완화하라! 백신패스는 손님패스입니다.,2021-12-18,1364
602377,행정,신혼희망타운 당첨자에서 부적격자가 되었습니다,2021-12-18,424
602376,외교/통일/국방,국군**병원과 국군**병원의 안일함과 무성의함에 울분을 금할길이 없습니다.,2021-12-18,547
602375,보건복지,백신접중후 심장혈전으로 사경을 헤메고 있어요.,2021-12-18,3991
602374,인권/성평등,요양병원 종사자 (주 2회 코로나 검사)에 대해서 청원합니다. 우리가 무슨 생체 실험인간입니까?,2021-12-18,490
602373,기타,주인이 받은 권리금 1억5천만원은,2021-12-18,217
602372,인권/성평등,******보안(주) 사장에 대한 엄중 감사 및 처벌 청원,2021-12-18,290
602371,일자리,응급안전안심 서비스 사업 수행인력(응급요원) 처우 개선 요구합니다,2021-12-18,276
602370,외교/통일/국방,국방과학연구소 연구원들의 권리를 복원해주세요.,2021-12-18,326
602369,안전/환경,알콜중독과 가정폭력으로 고통받는 피해자들의 꺼져가는 목숨을 제발 꼭 좀 지켜주세요.,2021-12-18,415
602368,행정,"배달 대행사의 무리한 요구, 이제는 제제가 되어야할때입니다.",2021-12-18,1018
602367,경제민주화,***** 주가 조작 조사해주세요,2021-12-18,337
602366,농산어촌,태양광 발전에 도로사면을 이용하도록 해 주세요,2021-12-18,132
602365,보건복지,백신 인과성 검증 방법에 대한 설명을 요청합니다,2021-12-18,1116
602364,인권/성평등,학교폭력 가해자 제주******** **** ***이라는 사람 사퇴시켜주십시오.,2021-12-18,255
602363,보건복지,장애통합 어린이집과 유치원에 대한 불합리한 점을 개선바랍니다.,2021-12-17,841
602362,보건복지,화이자 백신 접종 후 ‘며칠 쉬다 갈게’ 하고는 별이 된 남편,2021-12-17,19002
602361,반려동물,새끼 길고양이 얼굴에 토치로 불 질른 학대범 강력처벌과포토라인세워주세요 동물 학대 범죄자 신상 공개법도 추진을 원합니다.,2021-12-17,22576
602360,교통/건축/국토,집주인의 실거주 통보를 막무가내로 무시하는 세입자...집주인은 세입자한테 제 집을 빼앗기고 길거리에서 살아야 합니까?,2021-12-17,998
602359,교통/건축/국토,도와주세요ㅠ대통령님ㅜㅠ,2021-12-17,295
602358,인권/성평등,인권 사각지대에 놓인 재중동포 간병인들의 호소문,2021-12-17,1262
602357,육아/교육,***초등학교 그린스마트사업이 일부의 학부모들 이기심 때문에 기형적으로 설계되지 않도록 도와주세요,2021-12-17,147
602356,기타,오너일가만 배불리는 **그룹을 엄밀히조사해주세요,2021-12-17,294
602355,기타,마스크 사기 ***을 고발합니다.,2021-12-17,376
602354,안전/환경,서대구역사 건축공사 위법을 고발합니다,2021-12-17,432
602353,정치개혁,[국민청원 21탄] 대한민국 사법부에 대한 ‘상고이유서’,2021-12-17,172
602352,육아/교육,경북 **** 고등학교의 실체를 알아주세요,2021-12-17,179
602351,기타,부친명의의 토지를 제삼자가(동명이인) 훔쳐간 사건,2021-12-17,162
602350,행정,최근 2년동안 500억원의 부당 이익을 취한 광고대행사를 엄중히 조사하고 처벌하여 주시길 바랍니다.,2021-12-17,650
602349,보건복지,코로나백신후 40대 남자 돌연사,2021-12-17,1761
602348,교통/건축/국토,"합격률 격차가 심각한 건축사시험, 응시자의 실력 탓으로 전가하는 국토교통부",2021-12-17,745
602347,기타,도와주세요~대형보험사 말도안되는이유로수술비지급불가,2021-12-17,967
602346,인권/성평등,자영업자 온라인 광고 사기 피해 방지 / 방문판매법 개정,2021-12-17,349
602345,인권/성평등,불법촬영 범죄 제대로 된 규제를 원합니다,2021-12-16,2507
602344,교통/건축/국토,제가 왜 부적격자 인가요??,2021-12-16,247
602343,행정,불법을 저지르는 사람들에게 벌금을 부과해주세요.,2021-12-16,220
602342,기타,코로나 백신 화이자1차 접종 후 더 이상 어머니를 보지 못하게 되었습니다.,2021-12-16,3837
602341,보건복지,모더나 2차 맞고 19일 만에 사망한 49세 가장의 아내입니다..,2021-12-16,2237
602340,보건복지,부적절한 의료 행위로 골든 타임을 놓치신 아버지가 세상을 떠났습니다. 과실이 있음에도 과실이 아니라고 주장하고 있습니다. 제발 도와 주세요!,2021-12-16,1452
602339,보건복지,선천성안질환 유아동의 수정체렌즈 직구로만 구매할 수있는 현실이 답답합니다.,2021-12-16,641
602338,문화/예술/체육/언론,프로야구 리그중단과 관련하여 KBO *** 총재의 개입에 대한 진상규명을 청원합니다.,2021-12-16,3677
602337,안전/환경,제주를 여행하는 분들!! 제주공항을 이용하시는 분들!! 하늘길의 안전을 위해 일하는 저희도 안전할 수 있게 의견을 모아주세요.,2021-12-16,335
602336,보건복지,업무상 과실로 사업주에게 즉시 해고처리와 통장과 퇴직금을 압류 당했습니다.,2021-12-16,197
602335,문화/예술/체육/언론,예산을 펑펑 쓰고 있는 가짜 문화재의 조속한 철거와 관련 공무원들의 처벌을 촉구합니다.,2021-12-16,214
602334,교통/건축/국토,성남 **마을의 남녀공용 전환을 촉구합니다.,2021-12-16,1711
602333,육아/교육,학폭위 처분까지 나온 가해자 처분을 피해자 모르게 혐의를 없앤 **시교육청,2021-12-16,928
602332,육아/교육,담임의 실수로 수능을 못치르게 된 ** **고등학교 3학년 학부모입니다.,2021-12-16,478
602331,보건복지,청소년 두피젠트치료가 보험적용되어 중증아토피 아이가 평범하게 살수있도록 도와주세요,2021-12-16,1495
602330,인권/성평등,여성전용 임대아파트 '성남 **마을'의 남녀공용 전환을 촉구합니다,2021-12-16,741
602329,육아/교육,***초등학교 그린스마트사업이 아이들의 안전을 제일 우선적으로 고려될 수 있도록 도와주세요,2021-12-16,429
602328,교통/건축/국토,배달오토바이 소음에 고통받고 있습니다.(전기 오토바이 정책 필요),2021-12-16,308
602327,기타,**** 거짓광고 및 이용약관 미이행,2021-12-15,4179
602326,문화/예술/체육/언론,골프장 갑질과 횡포 이제 정부가 나서야할때..,2021-12-15,1394
602325,정치개혁,공립 유치원 교사 임용후보자 선정경쟁시험 개선 및 유아교육의 방향에 대한 재검토,2021-12-15,10640
602324,일자리,"건축사 자격시험 문제, 분명 출제 오류가 있습니다.",2021-12-15,1031
602323,보건복지,저는 화성 **고 급식실 사고로 하반신이 마비된 교직원의 남편입니다.,2021-12-15,18831
602322,인권/성평등,여성 성적도구화' 유튜브 게임 광고와 19금 광고영상 금지 요청합니다.,2021-12-15,390
602321,보건복지,‘간병살인’으로 4년 징역을 받은 22살 청년의 감형을 청원합니다.,2021-12-15,385
602320,보건복지,아스트라제네카 코로나 백신과 급성골수성 백혈병의 상관관계 조사를 요청합니다.,2021-12-15,776
602319,행정,부산 임대아파트 분양사기당한 240명 불쌍한 저희 얘기를 들어주세요 .,2021-12-15,1547
602318,보건복지,"화이자 백신 접종 후 '장기 괴사' 및 '악성림프종혈액암'을 진단받은 고3 동생, 청원부탁드립니다!",2021-12-15,8463
602317,인권/성평등,잔소리 한다고 친누나 살해 후 농수로에 유기한 남동생 사형선고후 신상공개 요청합니다.,2021-12-15,1815
602316,교통/건축/국토,주차중 문콕피해에 관련한 대책을 마련해주십시요.,2021-12-15,3966
602315,보건복지,요양병원 잠자는 약물로 생명이 위독하신 어머님을 도와주세요 !!!,2021-12-15,2487
602314,보건복지,백신 부작용으로 인한 뇌출혈 사망,2021-12-15,2482
602313,문화/예술/체육/언론,송현동 땅의 <이건희 기증관> 건립을 반대합니다,2021-12-15,175
602312,보건복지,백신 이상반응으로 제 삶이 망가졌습니다.,2021-12-15,1219
602311,기타,"*** 후보 **을 이송한 구급대원들에게 경위서를 쓰게 하고, 근무조까지 조정한 **소방서 간부들을 엄중 징계해 줄 것을 강력히 요청드립니다.",2021-12-15,5972
602310,기타,악덕 집주인을 만나 바보 아빠가 되었습니다.,2021-12-15,2921
602309,인권/성평등,천안 **** 금 살인사건 가족입니다. 엄벌에 처해주세요,2021-12-15,12649
602308,육아/교육,강원도 산속의 **분교의 미래를 지켜주십시요,2021-12-15,152
602307,보건복지,헌혈유공패 반대,2021-12-15,198
602306,보건복지,의료사고 낸 의사에 대한 처벌을 강화해 주십시오!,2021-12-15,305
602305,안전/환경,"건강과 생태계를 위협하는 길고양이에게 밥주는 행위, 이제는 막아야 합니다.",2021-12-15,407
602304,육아/교육,불합리한 대학 입시 수학제도 개선 요청,2021-12-15,194
602303,경제민주화,오너일가의 이익을 위해 소액주주가 피눈물 흘리는 **홀딩스 주가조작을 엄벌해 주시기 바랍니다.,2021-12-15,1419
602302,교통/건축/국토,유류세 인하로 인한 유가보조금 지급단가 변경을 원치 않습니다,2021-12-15,606
602301,기타,보이스 피싱범의 사생활까지 보호하는 제도를 바꿔주세요,2021-12-15,258
602300,보건복지,감기증상 응급진료 거부 및 진료비 청구,2021-12-15,170
602299,육아/교육,공인노무사 합격 기준,2021-12-15,137
602298,교통/건축/국토,***렌터카를 고발합니다!!,2021-12-15,135
602297,기타,"외교부와 함께 브라질 대사관, 총영사관을 고발하면서 대한민국 정부의 바른 대책을 촉구합니다!",2021-12-15,269
602296,성장동력,카지노 산업 일본/중국에게 다 뺏길 겁니까? 시저스·MGM 脫한국…한·중·일 카지노 삼국지서 낙오할 판,2021-12-15,120
602295,안전/환경,주4일 근무제 도입을 청원합니다.,2021-12-15,154
602294,교통/건축/국토,점유취득시효,2021-12-15,125
602293,기타,독립운동가 후손들의 처우 개선 및 지원 법률의 추가를 제안합니다.,2021-12-15,181
602292,보건복지,백신맞고 1주일만에 돌아가신 내 아버지 자식은 억울합니다,2021-12-15,678
602291,보건복지,2021년 10월 27일 국민청원게시판에 허위사실유포와 명예훼손에 대한 글을 작성한 글쓴이에 대한 강력한 처벌을 원합니다.,2021-12-15,129
602290,보건복지,백신 패스 반대합니다!,2021-12-15,1325
602289,안전/환경,‘보전녹지지역’에 ‘알박기’로 건설중장비 포크레인 주기장을 설치’하는 진주 시장님을 말려주세요.,2021-12-15,127
602288,교통/건축/국토,김해시 ***지구 ***-* 물류센터 허가 반대합니다.,2021-12-12,906
602287,인권/성평등,피의자 신상공개 지침 일부개정지침안 반대합니다.,2021-12-12,4360
602286,저출산/고령화대책,다문화가정의 고령의 부모 초청비자 관련법 개정이 필요합니다.,2021-12-12,1432
602285,교통/건축/국토,유류세인하 누구를 위한겁니까..보조금깍지 마세요,2021-12-12,10566
602284,행정,"“****의 ***, 악성민원으로 인한 행정력 낭비를 막아주세요.”",2021-12-12,4172
602283,행정,"대전시는 새내기 공무원의 억울한 죽음에 대한 징계절차를 즉각 진행하고, 정부와 국회는 법을 개정하여 공무원도 직장내 괴롭힘 금지법으로 보호하여 주십시오.",2021-12-12,9940
602282,행정,기획재정부 유권해석(2021.11.02. )의 예고 유예없는 일시적2주택 비과세 보유기간 리셋철회를 촉구합니다.,2021-12-12,2302
602281,인권/성평등,** 직원상대로 불법영업 중지시켜주세요,2021-12-12,408
602280,행정,유일한 지방도시 그린벨트 지역인 창원시. 해제요청 드립니다,2021-12-12,236
602279,육아/교육,"2학년 초등학생 반 전체아이를 정신적, 육체적으로 학대한 담임 교사를 엄벌에 처해주세요.",2021-12-12,1400
602278,보건복지,"연차선지급, 수천만원 환수! 이것이 포용복지인가요?",2021-12-12,3597
602277,행정,통신사들 사업권 취소해주세요,2021-12-12,275
602276,인권/성평등,불법 몰카 촬영을 수백 회 한 고등학생의 형사처벌을 촉구합니다.,2021-12-12,1136
602275,기타,자영업자 소상공인 상대로 광고 대행 사기를 일삼는 업체를 벌 하기 위한 법 개정이 시급합니다.,2021-12-12,178
602274,저출산/고령화대책,임신 했더라도 계속 일할 수 있도록 도와주세요.,2021-12-12,218
602273,보건복지,몸이 허약하거나 각종 부작용 으로 인해서 본의 아니게 미접종자들을 위한 백신 대책을 요구 합니다,2021-12-12,478
602272,안전/환경,별내동 물류센터 건립을 막아주세요,2021-12-12,5670
602271,교통/건축/국토,유가보조금 인하! 누구를 위한 정책 입니까!,2021-12-12,276
602270,보건복지,선진국처럼 신속진단키트 과감하게 도입하여 사용하게 해주세요.,2021-12-12,302
602269,보건복지,불합리한 교통사고 보상 처리 약관을 개정하여 주세요,2021-12-12,233
602268,정치개혁,전국민이 군소정당 후보들의 정책을 충분히 알고 공정한 투표를 할수 있도록 해 주세요,2021-12-12,189
602267,기타,아들이 억울합니다,2021-12-12,271
602266,외교/통일/국방,오바마 제 44대 전 미국 대통령께 대한민국 최고 무궁화 대훈장을 추천합니다.,2021-12-12,120
602265,기타,국립공원에서 야생화된 고양이에게 먹이주기 하던 캣맘이 계도하던 공단 직원의 눈에 뿌린 독성물질이 무엇인지 제발 수사해주세요,2021-12-12,2550
602264,기타,**(***** *****)의 운영오류로인한 재산 침해를 고발합니다,2021-12-11,737
602263,육아/교육,영아수당의 이상한 기준으로 인한 출산율 감소를 걱정합니다.,2021-12-11,553
602262,인권/성평등,성인물.도박광고 홍보 사이트 **** 폐쇄를 요청합니다.,2021-12-11,540
602261,기타,이십칠년이 송두리째 사라졌습니다.,2021-12-11,338
602260,인권/성평등,백신패스 폐지 청원; 개인의 기본권을 심각하게 침해하는 치별적/반인권적/위헌적 정책,2021-12-11,3835
602259,보건복지,코로나 백신 부작용땜에 횡단성 척수염 진단받으셨습니다,2021-12-11,880
602258,교통/건축/국토,"국민여러분,대통령님 저희 ********상인들을 살려주세요.",2021-12-11,738
602257,행정,[긴급상황][도와주세요]16세 죽고 싶을 정도로 힘듭니다.폭행사건 도와주세요.,2021-12-11,3145
602256,보건복지,요양병원내 cctv 설치 의무를 요청합니다.,2021-12-11,535
602255,행정,실수요자 주택담보대출 풀어주세요!,2021-12-11,625
602254,안전/환경,경기도 버스노동자들 사이의 노동조건 차별 해소를 위해 1일2교대제와 준공영제를 전면 도입해주시기 바랍니다,2021-12-11,4949
602253,안전/환경,동탄 인덕원선 복선전철 건설공사 중지 요구,2021-12-11,822
602252,인권/성평등,"인천시장 임명한 인천사회복지시설장 ""직장내 모욕 등 괴롬힘 갑질, 퇴직금 310만원 갈취"" 임명권자는 해고하라",2021-12-11,277
602251,인권/성평등,부천 유흥가 심야 인질극사건 가해자 강력처벌을 원합니다,2021-12-11,290
602250,보건복지,엉망진창인 정신병원에 대한 코로나 방역 현실,2021-12-11,1138
602249,기타,****** 부가서비스(****) 가입강요.이거는 강매아닌가요?,2021-12-11,311
602248,교통/건축/국토,토지수용에 따른 피해의 내용,2021-12-11,132
602247,일자리,개인 사업자 너무 억울합니다.,2021-12-11,182
602246,기타,**군소재 대형리조트 ***회장에게 집단폭행을 당했습니다 도와주세요,2021-12-11,167
602245,안전/환경,플라스틱 쓰레기의 내용물을 씻어서 버립시다.,2021-12-11,163
602244,미래,꿩 먹고 알 먹는다,2021-12-11,122
602243,보건복지,편평사마귀도 의료보험 적용을 해주세요.,2021-12-11,186
602242,교통/건축/국토,****아파트 실거주민 고려하지않는 인천도시공사!!,2021-12-11,153
602241,안전/환경,"매년 증가하고 있는 공사장 소음,진동 민원의 원인과 해결방법을 청원합니다.",2021-12-11,126
602240,보건복지,아동보호 전담공무원들의 무책임한 행동으로 피해받고있는 이나라가정들에 행복을 가져다주십시요.,2021-12-11,334
602239,교통/건축/국토,저는 화물업을하고있는 40대중반의 가장입니다.,2021-12-10,828
602238,보건복지,허리수술 후 대소변 장애가 생겼습니다.의료사고.4개월째 입원중.가정파탄 위기입니다.도와주세요.,2021-12-10,889
602237,일자리,부당하게 전환 불가 통보를 받은 억울함을 풀어주세요.,2021-12-10,631
602236,행정,시땅 경쟁 입찰 이라니요,2021-12-10,148
602235,교통/건축/국토,"부산 ***구역재개발 정비사업 인,허가 전면 재검토를 요구합니다(30년된 낡은아파트의 입주민을 살려주세요)",2021-12-10,289
602234,인권/성평등,코로나 검사상 음성이 나온 여학생을 또 검사하게 하고 강제백신접종 시키려는 **구 보건소 만행을 철회하고 책임자 처벌원합니다.,2021-12-10,600
602233,육아/교육,위드코로나 학교내 방역 지침 준수 교사의 역할은 어디까지??,2021-12-10,432
602232,보건복지,근로장애인들의 피와 땀이 서린 고용장려금... 법인대표가 착복하지 못 하도록 도와 주세요!!!,2021-12-10,767
602231,반려동물,군대 내 길고양이 학대 사건,2021-12-10,3452
602230,인권/성평등,3년간 집단괴롭힘.폭행.스토킹.폭언.허위사실유포.협박 인성쓰레기 공인중개사 자격박탈을 청원합니다,2021-12-10,240
602229,보건복지,"3차 대형병원과 2차병원의 공생관계, 그리고 간병비 지옥",2021-12-10,183
602228,행정,[전라북도 완주군]의 산지복구비 반환 지연등으로 인한 손해금 및 구상금발생의 건,2021-12-10,135
602227,농산어촌,조용했던 시골마을에 나타난 불청객으로 인한 피해,2021-12-10,188
602226,보건복지,뇌종양 재발후 건강심신평가원 거절,2021-12-10,181
602225,인권/성평등,사내갑질등 부조리의 온상인 용인시 ** 파스제조 제약회사의 검찰조사를 강력히 촉구합니다.,2021-12-10,896
602224,육아/교육,**초등_무자격 *** **교장의 갑질을 인정 안하는 **시교육청 감사실(1년만에 날려버리겠다~~),2021-12-10,734
602223,인권/성평등,학폭으로 제 아이가 고통받고 있습니다.가해자편에선 수사로 죽음을 선택하려는 아이를 살릴 수 있도록 공정한 수사를 촉구합니다.,2021-12-09,8461
602222,인권/성평등,직장내괴롭힘법 이전 괴롭힘도 법 소급적용 해주세요,2021-12-09,1520
602221,기타,억울한 고인과 유가족에게 힘이 되어주세요,2021-12-09,1524
602220,보건복지,제 아내는 화이자 백신 2차접종 3일후 지속된 발열과 함께 급성뇌출혈로 쓰러졌습니다.,2021-12-09,2203
602219,기타,음주운전에책임보험운전자..대한민국모든 차량 종합보험의무화,2021-12-09,369
602218,행정,불공정경쟁을 지향하는 **구청에 대해 고합니다.,2021-12-09,220
602217,육아/교육,행방불명된 아들을 찾아주세요,2021-12-09,517
602216,정치개혁,"건설업자에게 전복선물세트 수수한 **시의원과 관련자를 수사, 엄벌해 주세요!",2021-12-09,431
602215,행정,식약처는 해썹의무적용을 다시 연기하라,2021-12-09,218
602214,일자리,업무의 외주화로 인한 피해좀 막아주세요,2021-12-09,258
602213,성장동력,요소수 문제 신경 써주시기 바랍니다.,2021-12-09,205
602212,인권/성평등,경기도 화성시 장안면 반도체 관련 업체 여성직원 인권을 살려주세요,2021-12-09,214
602211,인권/성평등,해외법인 한국인근로자에 불법과 갑질을 일삼는 ** *** 부회장 가석방 철회 요청,2021-12-09,225
602210,기타,코인(가상화폐) 작전세력 사기꾼들을 엄벌해 주십시오.,2021-12-08,1456
602209,보건복지,코로나로 접종후 백혈병 진단,2021-12-08,1334
602208,보건복지,소아장애등록기준완화 및 소아기준요청,2021-12-08,502
602207,반려동물,동물농장에 방영된 반려개 트럭 학대범 강력 처벌 해주세요.,2021-12-08,2440
602206,보건복지,장남 백신부작용으로인해 뇌출혈.저희형 도와주세요.,2021-12-08,1342
602205,안전/환경,화이자 백신 임상부실로인한 접종반대 및 치료제수입반대,2021-12-08,3308
602204,문화/예술/체육/언론,음원사재기 1호 가수 관련 사건 철저한 수사 촉구합니다,2021-12-08,4599
602203,교통/건축/국토,서해선(대곡소사선) 탄현역-야당역-운정역 연장사업을 올해안에 조속히 확정시켜 주세요!,2021-12-08,3204
602202,보건복지,8월 9일 화이자 1차 백신 접종 후 몇 시간 뒤 남편을 떠나보냈습니다.,2021-12-08,3628
602201,보건복지,**** 백신을 조속히 승인해 주세요,2021-12-08,738
602200,기타,성폭력 가해자와 그 애인을 부디 엄히 처벌해주세요!,2021-12-08,294
602199,교통/건축/국토,[정책제안]요소수 유통 단기안정 대책 (전국 요소수 특별공급 주유소 지정 운영안),2021-12-08,314
602198,육아/교육,코로나 집단감염!! 방역수칙 위반으로 집단감염을 초래한 어린이집을 고발합니다.,2021-12-08,692
602197,교통/건축/국토,요소수부족 사태에 대하여,2021-12-08,307
602196,안전/환경,***** 불법철거로 인한 입주자 피해호소,2021-12-08,1094
602195,행정,춘천시의 외면으로 고통 받는 산골마을 주민들의 눈물,2021-12-08,199
602194,보건복지,저희 어머니가 화이자 접종후 급성 백혈병으로 돌아가셨습니다,2021-12-08,800
602193,기타,아버지를 음주운전으로 사망하게 한 가해자가 집행유예를 받았습니다,2021-12-08,1240
602192,기타,온라인불법재테크투자사기 <은행계좌지급정지> 시급합니다!!,2021-12-08,280
602191,기타,화이자 2차 맞으시고 기저 질환 없으셨던 어머니 께서 돌아가셨습니다,2021-12-08,1097
602190,교통/건축/국토,** 시공사의 태도를 바꾸었으면 합니다~.,2021-12-08,152
602189,경제민주화,"개인들의 옵션, 선물 거래를 긴급히 제한하여 주시기 바랍니다.",2021-12-08,465
602188,행정,상가임대차보호법을 이용한 임대인의 괴롭힘,2021-12-08,157
602187,교통/건축/국토,부안군산간 새만금 남북 도로공사 피해 호소의 글,2021-12-08,192
602186,안전/환경,"대형화재와 건물붕괴를 막아주세요. 여러분, 청원 동의를 부탁드립니다.",2021-12-08,455
602185,외교/통일/국방,탈령병에 의한 민간인 총기사고 피해 보상 요청,2021-12-08,293
602184,경제민주화,"***** 상장일, 대신증권의 전산 불통에 대해 압수수색을 요청합니다",2021-12-08,565
602183,기타,울산전통시장 재개발 반대,2021-12-08,323
602182,기타,37년만에 밝혀진 ***소위 사망사건,2021-12-08,351
602181,일자리,"매번 계약위반하고 도주하는 외국인 노동자 선원, 책임은 누구의 몫입니까?",2021-12-08,544
602180,기타,코로나백신 100%로 달성만 외치는 문재인 대통령님 백신후유증으로 힘들어하는 국민은 안보이시나요?,2021-12-08,950
602179,보건복지,"백신 이상(거부)반응 피해자에 대한 처우, 이것이 민주주의 인가요?",2021-12-08,791
602178,보건복지,백신 주사 후 경증부작용에 대한 보험처리를 바랍니다,2021-12-08,321
602177,안전/환경,[연수구 구도심] 30년을 앞둔 아파트들의 행적적인 문제로 불필요한 사회적 비용을 막아주세요.,2021-12-08,184
602176,인권/성평등,인권유린한 장애인보호작업장 원장의 복직을 막아주세요!,2021-12-08,206
602175,인권/성평등,헬스장 백신 패스 도입을 반대합니다.,2021-12-08,1600
602174,인권/성평등,모든 어린이들을 위한 유니버설 디자인 놀이터(=무장애 통합 놀이터)의 개선과 제도 마련을 제안합니다!,2021-12-08,166
602173,저출산/고령화대책,주52시간 근로기준법 위반자를 처벌해 주십시오,2021-12-08,220
602172,교통/건축/국토,"아파트 실거래가를 ""실제""거래가로 등록해 주십시오.",2021-12-08,188
602171,안전/환경,기후 위기에 대한 능동적인 대처를 요구하는 글,2021-12-08,140
602170,보건복지,코로나 백신(화이자)2차 접종후 기저질환 없으시던 아버지가 돌아가셨습니다.,2021-12-05,2753
602169,보건복지,국민들의 백신불안을 해소하기 위한 제안,2021-12-05,853
602168,행정,가계대출 관리를 명목으로 진행되는 은행의 가산금리 폭리를 막아주세요,2021-12-05,15897
602167,보건복지,43세 두아이의 아빠가 모더나2차 접종 후 하루도 지나지 않아서 사망했습니다.,2021-12-05,12151
602166,보건복지,화이자접종 후 엄마가 벙어리가됐어요,2021-12-05,2140
602165,기타,산업재해보상법(산재)에 의한 제 남편의 억울한 2차 죽음,2021-12-05,437
602164,기타,지역 중소기업을 파멸시킨 **그룹을 고발합니다.,2021-12-05,433
602163,교통/건축/국토,요소수 문제 해결 간곡히 부탁드립니다.,2021-12-05,1639
602162,교통/건축/국토,한국판 뉴딜 민자사업의 지하철 3호선 파주연장(대화-덕이-운정-금릉) 노선의 민자적격성조사를 올해안에 완료하여 조속히 확정시켜 주세요!,2021-12-05,9316
602161,육아/교육,한부모상대로 ***에 사기당했어요ㅠㅠ,2021-12-05,271
602160,교통/건축/국토,차량용요소수 고속도로 주유소 우선공급을 중지해주세요,2021-12-05,556
602159,육아/교육,시흥시 ***중학교 설립촉구,2021-12-05,1295
602158,인권/성평등,오피스텔에서 남자친구에게폭행당해 사망한 여자친구를 죽인 피의자 남자친구를 살인죄적용.신상공개를 촉구합니다.,2021-12-05,56893
602157,보건복지,위드 코로나에 대비할 전국 항체치료센터를 즉시 마련해주세요.,2021-12-05,8910
602156,보건복지,대한민국은 국민을 위한 나라가 아니였나요??,2021-12-05,658
602155,보건복지,사지마비이자 혈관이상자인데 백신패스 예외대상 아니랍니다.,2021-12-05,844
602154,교통/건축/국토,"주담대 무주택 실수요자를 위한 ""기금대출 완화""가 필요합니다",2021-12-05,561
602153,행정,졸속으로 처리된 방역패스를 철회해주십시오.,2021-12-05,895
602152,인권/성평등,‘성희롱 사건’의 진상규명을 위한 포렌식 수사 요구,2021-12-05,311
602151,외교/통일/국방,정부는 남북관계 개선을 위해 즉각 결단하고 행동해야 합니다!,2021-12-05,221
602150,육아/교육,대학 측의 파행적 수업 진행을 막아 주세요.,2021-12-05,195
602149,행정,손실보상기준 인건비에 일용근로자와 인적용역비를 포함해야 합니다.,2021-12-05,183
602148,인권/성평등,제 아이들과 살고 싶습니다.,2021-12-05,397
602147,인권/성평등,**** 주52시간 미준수,2021-12-05,123
602146,보건복지,초등 장애아동 돌봄 서비스가 필요합니다.,2021-12-05,189
602145,행정,32차 부동산중개사시험_2차_A형 이의 제기 및 타 공시 이의제기 신청 및 통지와 차이를 두는지에 대한 명백한 사유 요청,2021-12-05,507
602144,보건복지,코로나 백신과 급성백혈병 발병의 상관관계 조사를 원합니다.,2021-12-05,907
602143,기타,"딸 셋, 어린 손자손녀 7명을 보러 코로나 백신 접종 후 사망, 인과성 인정 못 받음",2021-12-05,816
602142,인권/성평등,NHF 리츠 공공임대 조기분양과 분양대책 적용 확정해주세요,2021-12-04,6345
602141,교통/건축/국토,신용불량자인 건물소유자의 연락두절로 건물철거되어 전세보증금을 날리게 되었습니다. 전세금 착복한 건물소유자에게 법으 잣대로 전세임차인을 구해주세요~,2021-12-04,247
602140,행정,김해공항 국제선의 조속한 운항 확대를 청원합니다.,2021-12-04,683
602139,보건복지,제 남편은 아스트라제네카 백신 2차 접종 후 8일 만에 사망했습니다,2021-12-04,2784
602138,경제민주화,공매도를 허용한 것은 OOO을 허용한 것과 같다.,2021-12-04,910
602137,행정,법원 등기부등본 믿고 구입한 주택 뺏기게 생겼습니다,2021-12-04,702
602136,기타,백신접종 후 사망한 고3아들의 엄마입니다.,2021-12-04,46219
602135,보건복지,"약물 알레르기로 백신을 맞지 못한 국민을, 국가가 사지로 내몰고 있습니다",2021-12-04,1098
602134,보건복지,백신 패스 전면 철회 요구합니다!,2021-12-04,5056
602133,기타,소형항공사 ****의 부조리와 비리를 고발합니다,2021-12-04,634
602132,육아/교육,아이들이 아파트 놀이터에 놀다 아파트 회장에게 잡혀갔어요,2021-12-04,8056
602131,기타,최하층의 난방유 등유를 유류세 인하에 포함하고 등유에 붙은 사치성 상품에나 과세하는 개별소비세 폐지를 요청합니다.,2021-12-04,332
602130,교통/건축/국토,비리로 얼룩진 광명*** 주택재개발조합의 입주권 명단 조작 사건에 대해 당국에서 직접 조사에 나서주십시오,2021-12-04,562
602129,보건복지,접종 강요하는 '백신 패스' 결사 반대!,2021-12-04,1758
602128,안전/환경,남양주시 별내동 카페거리를 본래대로 돌려주십시오. 그리고 이렇게 된 이유를 명백히 밝혀주십시오.,2021-12-04,202
602127,인권/성평등,장애인에게 성폭력을 행사한 사회복지법인 종사자들이 국가보조금으로 임금을 지급받아 가는 것을 묵인한 대구광역시 **구청에 대한 감사를 요구합니다.,2021-12-04,342
602126,문화/예술/체육/언론,한국 스포츠 육성응원 허용하게 해주십시오.,2021-12-04,132
602125,교통/건축/국토,‘요소수’ 부족 사태는 국가경제와 국민 실생활에 큰 타격과 국민을 위험에 빠뜨릴 수 있다.,2021-12-04,650
602124,보건복지,대형병원의 의료중재원 배상거부,2021-12-04,175
602123,문화/예술/체육/언론,"허위사실을 기재한 언론기자의 행태를 규탄하며, 구태여론 조작하는 기자를 이 사회에서 퇴출시킵시다.",2021-12-04,226
602122,경제민주화,"사각지대에 있는 ""대학교 구내 매장"" 소상공인 살려주세요~!!!!!!!!!코로나19. 소상공인 손실보상 요청합니다.",2021-12-04,145
602121,교통/건축/국토,무너져가는 서민들의 보금자리를 지켜주세요,2021-12-04,160
602120,보건복지,코로나검사의 신뢰성 확보 및 검사결과 변경에 따른 피해 보상을 건의합니다,2021-12-04,206
602119,교통/건축/국토,**시 택시 통합콜 행정조치 부당함에 항의합니다,2021-12-04,115
602118,보건복지,백신 맞으러 갔다 코로나 걸렸어요~ 억울합니다,2021-12-04,424
602117,인권/성평등,"학교폭력, 범죄가 맞긴 한가요?",2021-12-04,218
602116,경제민주화,"금융감독원의 악의적인 부작위 하수인 노릇에... 보험사기꾼과 **화재 웃고, 중소기업 울고",2021-12-04,163
602115,안전/환경,*** **** 타버린 헤드라이트 리콜요청건,2021-12-04,112
602114,보건복지,정부를 믿고 따르다 죽은 국민을 우롱하는 정부기관을 고발합니다,2021-12-04,774
602113,보건복지,"백신후 생리부작용(생리지연,생리불순,하혈 및 부정출혈)인정과 시험관아기및 임신준비중 백신패스 예외시켜주세요.",2021-12-03,2288
602112,교통/건축/국토,요소수대란 가수요차단,2021-12-03,445
602111,교통/건축/국토,동작구청 지역주택조합 관리강화와 *******(*****) 집중관리를 요청드립니다.,2021-12-03,1121
602110,기타,내가 아빠인데 양육권 없다고,2021-12-03,550
602109,육아/교육,'영토교육'은 다음 생에,2021-12-03,1214
602108,인권/성평등,불법몰카 원인 초소형카메라 사용.판매 금지를 원합니다.,2021-12-03,16283
602107,보건복지,저희 시아버님이 백신접종후 백혈병판정을 받았습니다,2021-12-03,1061
602106,보건복지,아버지가 제 결혼식을 2주 앞두고 화이자 2차 백신을 맞고 돌아가셨습니다.,2021-12-03,4689
602105,행정,대출 규제로 인해 잔금 대출이 막혔습니다. 분양 아파트 입주예정자를 위한 정책이 필요합니다!,2021-12-03,740
602104,기타,공매도상환기간조정,2021-12-03,325
602103,행정,32차 공인중개사 이의신청. 청와대 및 관할소속,2021-12-03,760
602102,인권/성평등,"우리는 대한민국의 개, 돼지가 아닙니다. <주면 주는 대로 받고, 시키면 시키는 대로 한단>",2021-12-03,201
602101,보건복지,장기 기증 제도를 바꾸어 주세요.,2021-12-03,144
602100,보건복지,간호사의 권리와 간호의 질 향상을 위해 간호법 제정을 촉구합니다.,2021-12-03,334
602099,육아/교육,학생의 입장에서 고교학점제 개선방안을 제안합니다,2021-12-03,214
602098,행정,가족요양지급 기준 보완을 요청합니다.,2021-12-03,194
602097,교통/건축/국토,제2의 **** 사건이 될 경기도/용인시의 국제물류4.0 개발사업을 무효화해주십시오,2021-12-03,637
602096,안전/환경,매연 절감장치에 필요한 요소수에 청원합니다,2021-12-03,481
602095,경제민주화,중소상공인 식자재 도소매상 손실보상 대상업체 지정을 청원합니다.,2021-12-03,143
602094,행정,대출규제와 치솟는 이자율어 피눈물이 납니다,2021-12-03,735
602093,행정,소상공인들이 지킬 수 있는 법으로 바꿔주세요,2021-12-03,1621
602092,기타,파산대학에 다니고 있습니다.,2021-12-03,330
602091,정치개혁,2014년 자행한 삭제죄명 성범죄자로 허위판결 불법감금3년6월 불법전자발찌10년 불법신상정보공개5년 검사 *** 보호7급*** 판사 ****** 대법관 *** 고의범죄 국민청원,2021-12-03,303
602090,육아/교육,가해자가 우선인 화성시 **읍 소재 ㅇ초등학교 성추행 학폭 사건 청원,2021-12-03,5788
602089,기타,손실보상금 10만원 받았습니다. 1년이 넘게 영업제한을 당했는데 이게 뭔가요?,2021-12-02,703
602088,육아/교육,광주광역시 **동 아동 폭행 친모를 아동과 분리시켜주세요,2021-12-02,333
602087,보건복지,코로나19 백신부작용으로 와이프가 죽었습니다,2021-12-02,6477
602086,행정,요소수 해결해주세요,2021-12-02,1058
602085,성장동력,"불평등한 과세로 인한 가상자산 시장 ""억압""을 멈추길 원한다 !!",2021-12-02,7088
602084,반려동물,동물병원 진료기록부 발급 의무화를 통해 보호자 및 반려동물의 권리를 보장해주세요.,2021-12-02,36772
602083,교통/건축/국토,인천시 동구 ****아파트 관리업체 선정에 관한 비리를 조사해주세요!!!,2021-12-02,150
602082,행정,자영업 피해 고발센터와 소상공인부 신설을 요청합니다,2021-12-02,209
602081,정치개혁,"가정, 아동, 성폭행등 강력 범죄피해자들의 현실을 개선해주세요",2021-12-02,276
602080,행정,성남 **경찰서의 만행을 알립니다.,2021-12-02,229
602079,인권/성평등,도와주세요! 보험사는 법위에 있고 법원도 강자편입니다,2021-12-02,179
602078,육아/교육,제발 도와주세요 제 아이가 1년 가까이 학폭을 당하고 있는데 가해자로 몰리고 있습니다,2021-12-02,275
602077,행정,행정상의 실책으로 개인에게 부당한 피해를 입힌 담당공무원에 대한 문책과 징계를 요구합니다.,2021-12-02,145
602076,육아/교육,천안시 고1 학폭 피해자 10곳 고등학교관련 자퇴생포함 30명가량,2021-12-02,235
602075,기타,우리 자영업자는 찾아주신 고마운 손님과 싸우고 싶지 않습니다.,2021-12-01,731
602074,기타,2021년 제 32회 공인중개사 2차 시험지 오타로 인한 피해자를 구제해 주세요,2021-12-01,4652
602073,육아/교육,예비초맘의 안전한 등하교길 불안감을 초고밀도 학교조성하는 통학구역조정대신 안전한 등하교길 조성으로 근본적으로 해결해주세요.,2021-12-01,157
602072,기타,요소수 사재기 부족현상 해결해 주세요,2021-12-01,1585
602071,교통/건축/국토,"""개화산역세권 도시환경정비사업, 강서구청의 무리한 기부채납에 원주민만 피해""",2021-12-01,820
602070,행정,[질병관리청]의 심사에서 왜 브라질을 <예방접종완료자 격리면제 제외국가>에 포함시켰는지 알고싶습니다!!,2021-12-01,795
602069,보건복지,이제와서 '의료진 때문에?' 코로나 의료진에 대한 공무원들의 갑질을 멈춰주세요,2021-12-01,204
602068,보건복지,모더나 1차 백신 접종 후 사망,2021-12-01,3786
602067,기타,'전기차 보조금 부족현상'에 대한 국민들의 의견입니다.,2021-12-01,473
602066,보건복지,화이자백신 접종 이후 제 28번째 생일은 뇌출혈로 돌아가신 아버지의 기일이 되었습니다.,2021-12-01,2776
602065,보건복지,존경하는 대통령님 백신접종후 허망하게 고인이 된 누님의 한과 유가족의 눈물을 닦아 주시길 간절히 부탁드립니다..,2021-12-01,1020
602064,보건복지,저희 아버지는 화이자 백신 2차 접종후에 사망 하셨습니다.,2021-12-01,1404
602063,보건복지,백신 미접종자 출입금지,2021-12-01,1366
602062,행정,요소수 파동 정부에서 해결 부탁드립니다.,2021-12-01,1336
602061,기타,블랙박스에 사고장면이 확인되지 않는다는 이유로 1년동안 아무런 보상을 받지 못한 이모부의 억울한 교통사고 사건입니다.,2021-12-01,195
602060,보건복지,의료과실로 아버지 사망하게 만들고 은폐한 병원,2021-12-01,428
602059,교통/건축/국토,무면허 음주운전자가 아이들의 아빠를 죽였습니다.,2021-12-01,22380
602058,육아/교육,태아목에탯줄을 감고있는걸 38주간 단한번도 탯줄에 대해 설명해주지않아 태아가사망하였습니다. 해당의사의 의사자격취소 시켜주십시오,2021-12-01,2614
602057,정치개혁,국회의원 금뱃지를 폐지해야 합니다,2021-12-01,1010
602056,교통/건축/국토,요소수 문제 해결해주세요,2021-12-01,14969
602055,인권/성평등,초등학교 여교사 화장실에 카메라 설치한 교장선생님 강력처벌과 신상공개를 촉구합니다.,2021-12-01,15798
602054,교통/건축/국토,급합니다 ㅠ,2021-12-01,297
602053,교통/건축/국토,선량한 조합원들을 농락한 건설사 **건설(****)과 동천개발을 처벌하여 주십시오.,2021-12-01,221
602052,보건복지,단체급식 영양사의 권한을 돌려주세요!,2021-12-01,1917
602051,교통/건축/국토,요소수가격폭등..,2021-12-01,542
602050,안전/환경,공동 주택에서 발생되는 층간 소음/벽간 소음에서 살려주세요. 현실적인 <층간소음방지법>을 만들어주세요.,2021-12-01,1377
602049,행정,중기부 저신용대출 개편 증액,2021-12-01,176
602048,보건복지,앙골라를 격리면제 제외국가에서 제외해 주시기를 청원합니다.,2021-12-01,209
602047,교통/건축/국토,경찰수사권에 대한 공정성의 불신,2021-12-01,274
602046,농산어촌,정부의 태양열 사업으로 부터 노부부의 삶의 터전을 지켜 주세요,2021-12-01,155
602045,보건복지,소방공무원분들의 식비를 개인이 충당하지 않도록 해주십시요. (국가직으로 신분이 전환됐지만 아직 급식 지원을 받지 못하고 있어 처우 개선이 시급합니다.),2021-12-01,210
602044,인권/성평등,[천안 **중 1학년 9반] 형법 제10조 심신미약 관련 법안을 개정해주세요.,2021-12-01,178
602043,안전/환경,***마을주민일동,2021-12-01,137
602042,행정,100만 소상공인을 농락하고 능멸한 중소벤처기업부장관을 파직하라,2021-12-01,305
602041,인권/성평등,‘ 스토킹에 고통받는 남매의 기막힌 사연 ! ’,2021-12-01,204
602040,인권/성평등,억울하게 성추행범으로 누명을 씌어서 표적수사를 하고 있습니다,2021-12-01,224
602039,행정,기획재정부는 일시적 2주택 답변을 신속히 진행하여 주시기 바랍니다.,2021-12-01,1018
602038,육아/교육,현장실습 유가족들은 더 이상의 희생자가 없기를 피눈물로 청원합니다.,2021-12-01,4786
602037,보건복지,나의 발치한 치아를 이용해 만든 임플란트용 뼈이식재를 진료실에서 제작해 사용할 수 있도록 해 주세요!!!,2021-12-01,228
602036,보건복지,위드코로나..그리고 백신패스제도..,2021-12-01,2150
602035,행정,임대인의 부도덕한 계약요구를 막아주십시요.,2021-12-01,190
602034,안전/환경,요양원 치매 환자 등에게 동의 받아 행복도시 소각장 부지를 밀실 불통 행정으로 없애고 자연 생태 지역 전동면으로 떠미는 세종시는 폐기물 처리 시설 조성을 중단하라!ㅣ,2021-12-01,2108
602033,기타,잔금대출이자의 터무니 없는 상승을 막아주세요,2021-12-01,630
